project_name,matching_pool,extra_round_inflow,other_donors,other_donors_usd,total,usd_sent,link
SEAL 911,25.0,6.9291,7.7418,17044.0,39.671,73532.0,https://securityalliance.org/
SEAL,0.0,0.0,0.0,0.0,0.0,0.0,https://securityalliance.org
The Red Guild: security as a public good,21.1706,5.8677,3.9922,8789.0,31.0306,51526.0,https://theredguild.org
ZachXBT,18.1882,5.0411,4.6045,10137.0,27.8338,51234.0,https://investigation.io/
Rekt News - Ethereum's Security Intelligence Layer,12.7101,3.5228,5.8364,12849.0,22.0693,41568.0,https://rekt.news/
Revoke.cash,15.9807,4.4293,2.0885,4598.0,22.4985,40707.0,https://revoke.cash
SEAL Frameworks,14.6621,4.0638,3.0778,6776.0,21.8038,39906.0,https://securityalliance.org/our-work/certifications
Safe Multisig Transaction Hashes,14.1486,3.9215,3.503,7712.0,21.5731,36274.0,https://github.com/pcaversaccio/safe-tx-hashes-util
SEAL Certifications,11.8667,3.289,3.5334,7779.0,18.6892,34592.0,https://securityalliance.org/our-work/certifications
Blockscout Open-Source Block Explorer,11.1094,3.0791,2.402,5288.0,16.5905,30390.0,https://www.blockscout.com
SEAL Intel,11.1294,3.0847,1.9441,4280.0,16.1582,29427.0,https://securityalliance.org/our-work/seal-intel
L2BEAT,10.5074,2.9123,1.7797,3918.0,15.1993,25129.0,https://l2beat.com
"OSs Security - Hardening for macOs, Linux & Windows",7.9291,2.1977,3.6579,8053.0,13.7847,24060.0,https://github.com/Opsek/OSs-security
Wallet Security Ranking,8.7746,2.432,2.7644,6086.0,13.971,23799.0,https://www.coinspect.com/wallets/
Echidna: A Fast Smart Contract Fuzzer,9.8939,2.7422,1.4213,3129.0,14.0574,25485.0,https://secure-contracts.com/program-analysis/echidna/index.html
BlockThreat,10.0071,2.7736,1.2782,2814.0,14.0589,25425.0,https://blockthreat.com
Vyper,9.0886,2.519,1.5121,3329.0,13.1198,23865.0,https://vyperlang.org/
Sourcify,9.1915,2.5476,1.186,2611.0,12.925,23380.0,https://sourcify.dev/
Boring Security,4.3443,1.2041,5.7728,12709.0,11.3212,22525.0,https://boringsecurity.com/
DeFiHackLabs,8.654,2.3986,1.3254,2918.0,12.378,20388.0,https://defihacklabs.io/
SEAL Safe Harbor,8.1315,2.2538,1.7133,3772.0,12.0986,22145.0,https://securityalliance.org/safe-harbor
Walletbeat,7.2402,2.0067,2.5369,5585.0,11.7838,21944.0,https://walletbeat.eth.limo/
Bitfinding,6.6456,1.8419,2.7567,6069.0,11.2442,21085.0,https://bitfinding.com
CrossBar Open Source Security Hardware Wallet,2.795,0.7747,6.1925,13633.0,9.7622,19948.0,https://www.crossbar-inc.com/
rotki,7.4295,2.0592,1.3182,2902.0,10.8069,17900.0,https://rotki.com/
Cyfrin Updraft,7.4851,2.0746,1.1892,2618.0,10.7489,19531.0,https://www.cyfrin.io/updraft
Verity: Formal Verification for Smart Contracts,5.7979,1.607,2.8121,6191.0,10.217,19292.0,https://veritylang.com
DeFiScan,6.6343,1.8388,1.5248,3357.0,9.9979,18347.0,https://www.defiscan.info/
Remix Project,6.6524,1.8438,0.9184,2022.0,9.4147,17053.0,https://remix.live/
Protocol Guild,6.46,1.7905,1.1092,2442.0,9.3597,17039.0,https://www.protocolguild.org/
PlankEVM,5.6606,1.5689,1.8242,4016.0,9.0537,16806.0,https://plankevm.github.io
Anticapture by blockful,6.0954,1.6894,1.1615,2557.0,8.9463,16330.0,https://anticapture.com
tanuki42,5.6444,1.5644,1.5784,3475.0,8.7873,16229.0,https://x.com/tanuki42_
Fight Human Trafficking and Crypto Fraud With dobs,5.1452,1.4261,1.9527,4299.0,8.524,15925.0,https://x.com/dobsec
snekmate,5.5832,1.5475,1.4603,3215.0,8.591,15830.0,https://snekmate.com
Dedaub Decompiler: From Bytecode to Solidity-Like Code,6.0841,1.6863,0.9516,2095.0,8.722,14377.0,https://dedaub.com/
Cyfrin/Solodit Tooling and Security Research,5.8196,1.613,0.8458,1862.0,8.2784,15012.0,https://www.cyfrin.io/
eth.limo,5.4592,1.5131,0.9439,2078.0,7.9162,13099.0,https://eth.limo/
hevm,5.3757,1.49,0.9462,2083.0,7.8118,14230.0,https://hevm.dev/
Dappnode,4.4116,1.2227,1.384,3047.0,7.0184,13015.0,https://dappnode.com
Zero Cool,3.8673,1.0719,1.6993,3741.0,6.6384,11548.0,https://zerocool.ai/
Zealynx Academy,3.9554,1.0963,1.3949,3071.0,6.4466,12008.0,https://academy.zealynx.io/
OpSec Hub,3.6471,1.0108,1.4785,3255.0,6.1365,11496.0,https://paragraph.com/officercia.eth
"Firefly, open-source hardware wallet",4.4256,1.2266,0.6409,1411.0,6.2931,10345.0,https://firefly.app/
yAudit,3.4649,0.9603,1.3731,3023.0,5.7984,10852.0,https://yaudit.dev/
Nick Bax.eth,4.0007,1.1089,0.7926,1745.0,5.9022,9821.0,https://x.com/bax1337
Fuzzing for ZK Systems - privacy is normal but not safe,4.2539,1.179,0.5006,1102.0,5.9335,9689.0,https://diligence.security/
Colibri: Trustless Blockchain Data for Wallets and dApp,3.6572,1.0136,0.9066,1996.0,5.5775,9379.0,https://corpuscore.tech/
Web3Sec.News: Security Intelligence & Newsletter,3.8297,1.0615,0.6155,1355.0,5.5066,10008.0,https://web3sec.news
The Web3 OpSec Standard - W3OS,2.0706,0.5739,2.3851,5251.0,5.0296,9930.0,https://github.com/W3OSC
Roundabout: Static Analysis for Solidity,2.7571,0.7642,1.3572,2988.0,4.8785,9218.0,https://certora.com
BuidlGuidl,3.0962,0.8582,0.749,1649.0,4.7034,8645.0,https://buidlguidl.com/
Grego AI,3.0847,0.855,0.7195,1584.0,4.6592,8554.0,https://grego.ai
Plamen AI Security Researcher,3.0103,0.8343,0.7854,1729.0,4.63,8531.0,https://x.com/p_tsanev
CORE3. The open risk layer for Web3,2.2937,0.6357,1.489,3278.0,4.4184,8461.0,https://core3.io
Drew Security,1.9143,0.5306,1.7865,3933.0,4.2314,8258.0,https://drewsecurity.com
EVMcrispr,2.897,0.8029,0.6691,1473.0,4.369,8019.0,https://evmcrispr.com
scfuzzbench: smart contract fuzzer benchmark suite,2.979,0.8257,0.4924,1084.0,4.2971,7815.0,https://scfuzzbench.com
"DigiBastion: DNS, OpSec & Supply Chain Security",2.8966,0.8028,0.5642,1242.0,4.2636,7787.0,https://digibastion.com
OpenSense Open Web3 Security,1.7411,0.4826,1.5939,3509.0,3.8176,7443.0,https://www.youtube.com/@opensensepw
Assertions.eth On-chain Transaction Guards for Ethereum,2.6111,0.7237,0.5841,1286.0,3.9189,7186.0,https://assertions.eth.limo
human.tech,1.8055,0.5004,1.3413,2953.0,3.6473,7033.0,https://human.tech
Blobscan,2.4818,0.6879,0.5682,1251.0,3.7379,6859.0,https://blobscan.com
Simbolik: Security Toolkit for Solidity,2.5148,0.697,0.4406,970.0,3.6524,6652.0,https://www.simbolik.dev/
Safe OpenSig: Eliminating Blind Signing,2.505,0.6943,0.3625,798.0,3.5618,6458.0,https://www.candide.dev/opensig
Soldeer,2.5652,0.711,0.2766,609.0,3.5528,6405.0,https://soldeer.xyz
Open-Source AI Security Triage by HackenProof,1.7578,0.4872,1.0538,2320.0,3.2988,6292.0,https://hackenproof.com/
SCAR: AI Retrieval for Smart Contract Security,1.7302,0.4796,1.0747,2366.0,3.2845,6275.0,https://huggingface.co/datasets/Farseen0/scar-corpus
Encrypt the Mempool! Stopping Toxic MEV & Censorship,2.2377,0.6202,0.5296,1166.0,3.3875,6222.0,https://shutter.network/
K Stack: The Formal Verification Layer for Ethereum,2.346,0.6502,0.3956,871.0,3.3919,6172.0,https://runtimeverification.com/
zkbugs <> AI,2.4374,0.6756,0.2916,642.0,3.4046,6149.0,https://www.zksecurity.xyz/
Tool Against Price Manipulation Attacks in DeFi on EVM,1.6648,0.4614,0.9775,2152.0,3.1037,5914.0,https://www.quantstamp.com
Lights in Dark Rooms,1.9615,0.5437,0.5642,1242.0,3.0693,5674.0,https://chainpatrol.com/
Specter - On-Chain Security Research and Investigator,1.4293,0.3962,1.0402,2290.0,2.8656,5520.0,https://x.com/SpecterAnalyst
claudit,1.9034,0.5276,0.4601,1013.0,2.8911,5314.0,https://github.com/marchev/claudit
WiiMee | Wallet Security Education,1.5853,0.4394,0.6032,1328.0,2.6279,4910.0,https://x.com/wiimee
Aragon,1.3869,0.3844,0.749,1649.0,2.5203,4783.0,https://www.aragon.org/
Zodiac,1.8604,0.5156,0.2307,508.0,2.6068,4712.0,https://zodiac.eco
Defimon - real-time DeFi security,1.7328,0.4803,0.3143,692.0,2.5274,4607.0,https://defimon.xyz
CypherTalk Podcast: Security Education for Ethereum,1.389,0.385,0.6137,1351.0,2.3876,4489.0,https://cyphertalk.media/
WebHash,1.0924,0.3028,0.913,2010.0,2.3082,4478.0,https://webhash.com
Symproof by BlockScience & Shield3,1.6261,0.4507,0.3725,820.0,2.4493,4494.0,https://github.com/BlockScience/sympy-proof
SomaXBT,1.6827,0.4664,0.3021,665.0,2.4511,4467.0,https://paragraph.com/somaxbt.eth
EVMDecompiler: See What Smart Contracts Really Do,1.7694,0.4904,0.1971,434.0,2.457,4432.0,https://evmdecompiler.com/
soldb - Open-Source Solidity Debugger,1.6322,0.4524,0.2771,610.0,2.3617,4298.0,https://walnut.dev/
Open-Source Smart Contract Firewall,0.7826,0.2169,1.0915,2403.0,2.091,4171.0,https://ivanvolov.github.io/moat/
Nihilium,1.4042,0.3892,0.3043,670.0,2.0977,3843.0,https://nihilium.io
Etherform,0.2614,0.0725,1.4444,3180.0,1.7783,3771.0,https://x.com/breadcoop
LLZK Maintenance & Verification Infrastructure Grant,1.3027,0.3611,0.3784,833.0,2.0421,3776.0,https://veridise.com/
Pharos Watch: Transparent Stablecoins Analytics,1.064,0.2949,0.5478,1206.0,1.9067,3610.0,https://pharos.watch
Recon Invariant Testing Extension & Framework,1.2812,0.3551,0.2167,477.0,1.853,3372.0,https://getrecon.xyz/
Phylax Systems,1.2833,0.3557,0.2117,466.0,1.8507,3366.0,https://phylax.systems/
spamreports,1.0419,0.2888,0.4538,999.0,1.7845,3353.0,https://dubstard.com
Wake: Solidity static analysis and fuzzing framework,1.251,0.3467,0.2326,512.0,1.8303,3339.0,https://twitter.com/WakeFramework
Solidity Language Server,1.0628,0.2946,0.3071,676.0,1.6644,3077.0,https://solidity-language-server-docs.pages.dev/
ECH Institute - EthCatHerders,1.072,0.2971,0.2385,525.0,1.6076,2947.0,https://echinstitute.org/
OWASP Smart Contract Security Framework by CredShields,1.1076,0.307,0.1962,432.0,1.6108,2935.0,https://credshields.com
Blockchain Security Incentives: Research + OS PoC dev,1.1186,0.31,0.1776,391.0,1.6062,2919.0,https://kelsien.github.io/
EIPsInsight,1.0476,0.2904,0.228,502.0,1.566,2869.0,https://eipsinsight.com
Canon Guard,0.9304,0.2579,0.3402,749.0,1.5285,2851.0,https://docs.canon.wonderland.xyz/
Act,0.9865,0.2734,0.1949,429.0,1.4548,2658.0,https://argotorg.github.io/act/
WEBCAT,0.9232,0.2559,0.2589,570.0,1.438,2656.0,https://freedom.press
Unphishable - Web3 Phishing Safe Challenges,0.9553,0.2648,0.1803,397.0,1.4004,2556.0,https://unphishable.io/
LIF: Legitimate Intervention Framework,0.665,0.1843,0.4447,979.0,1.294,2482.0,https://lif-research.org/
EVVM,0.6084,0.1686,0.5001,1101.0,1.2771,2476.0,https://evvm.info
Verifereum,0.8496,0.2355,0.1917,422.0,1.2768,2342.0,https://verifereum.org/
Self-Custodial Agent Authorization for Ethereum,0.4329,0.12,0.5969,1314.0,1.1497,2292.0,https://functor.sh/
Coalition to Change Crypto Freezes and Recovery,0.8323,0.2307,0.1476,325.0,1.2106,2206.0,https://zeroshadow.io/blog/north-korea-laundered-usd1-billion-of-crypto-in-4-months-how-industry-leaders-can-change-crypto/
ERCx: Property Testing for ERC Token Standards,0.7832,0.2171,0.1917,422.0,1.192,2192.0,https://runtimeverification.com/
Unruggable,0.758,0.2101,0.1667,367.0,1.1348,2080.0,https://unruggable.com
Transaction graph,0.7981,0.2212,0.1022,225.0,1.1215,2028.0,https://tx-graph-eight.vercel.app/
Northscan by Heiner,0.7089,0.1965,0.1195,263.0,1.0248,1865.0,https://northscan.co/
ClaraHacks: Scaling AI-Powered Blockchain Security,0.6543,0.1813,0.1644,362.0,1.0001,1840.0,https://www.clarahacks.com/
EVM Chronicle,0.6834,0.1894,0.124,273.0,0.9968,1817.0,https://evmchronicle.io
Rescue-Lifeboat,0.5135,0.1423,0.2675,589.0,0.9234,1749.0,https://kanemayfield.com/
Bluechip,0.5763,0.1597,0.1676,369.0,0.9036,1671.0,https://bluechip.org/en
Securing AI Agents on Ethereum: Security Education,0.493,0.1366,0.1881,414.0,0.8177,1528.0,https://twitter.com/suppvalen
Solidity-Wake: VS Code extension,0.4866,0.1349,0.1576,347.0,0.7791,1446.0,https://twitter.com/WakeFramework
Guild Academy,0.3514,0.0974,0.1717,378.0,0.6205,1172.0,https://x.com/GuildAcademy_
KaiSign - Decentralized Clear Signing Registry,0.3453,0.0957,0.1594,351.0,0.6004,1131.0,https://kaisign.xyz
Forge Proposal Simulator - FPS,0.4466,0.1238,0.055,121.0,0.6253,1130.0,https://docs.soliditylabs.io
Enscribe,0.2614,0.0725,0.1699,374.0,0.5037,965.0,https://www.enscribe.xyz/
Quick Intel,0.2614,0.0725,0.139,306.0,0.4728,897.0,https://quickintel.io
AgnopraxLab,0.2614,0.0725,0.1349,297.0,0.4688,888.0,https://x.com/realagnopraxlab
mab.xyz - transaction guards,0.263,0.0729,0.119,262.0,0.4549,856.0,https://mab.xyz
The Obol Collective,0.2792,0.0774,0.0899,198.0,0.4465,829.0,https://obol.org/
Safe Multisig Payload Report Action,0.2614,0.0725,0.0886,195.0,0.4224,786.0,https://maxyz.xyz
Scam-Alert,0.2614,0.0725,0.0777,171.0,0.4115,762.0,https://crystalintelligence.com/
Militereum,0.2614,0.0725,0.0509,112.0,0.3847,703.0,https://militereum.com
"Vero, a multi-node validator client",0.2614,0.0725,0.0486,107.0,0.3825,698.0,https://vero.docs.serenita.io/
CuEVM: Accelerate EVM execution on GPUs,0.2614,0.0725,0.045,99.0,0.3788,690.0,https://minhhn2910.github.io/
Webacy DD,0.2614,0.0725,0.0409,90.0,0.3747,681.0,https://dapp.webacy.com/
TID Research Risk Ratings,0.2614,0.0725,0.0363,80.0,0.3702,671.0,https://www.tidresearch.com
PRSpec Automated EIP Compliance Checker for Ethereum,0.2614,0.0725,0.0323,71.0,0.3661,662.0,https://x.com/Safy__H
Leak Detect: Protecting Ethereum from Hidden Leakages,0.2614,0.0725,0.0286,63.0,0.3625,654.0,https://tickervalue.com
